{
  "v": "5.8.1",
  "fr": 60,
  "ip": 0,
  "op": 176,
  "w": 48,
  "h": 20,
  "nm": "Comp 1",
  "ddd": 0,
  "assets": [],
  "layers": [
    {
      "ddd": 0,
      "ind": 1,
      "ty": 4,
      "nm": "Shape Layer 5",
      "sr": 1,
      "ks": {
        "o": { "a": 0, "k": 100, "ix": 11 },
        "r": { "a": 0, "k": 0, "ix": 10 },
        "p": {
          "a": 1,
          "k": [
            {
              "i": { "x": 0.387, "y": 0.98 },
              "o": { "x": 0.479, "y": 0 },
              "t": 30,
              "s": [6.438, 5.375, 0],
              "to": [0, 1.521, 0],
              "ti": [0, 0, 0]
            },
            {
              "i": { "x": 0.667, "y": 1 },
              "o": { "x": 0.479, "y": 0 },
              "t": 59,
              "s": [6.438, 14.5, 0],
              "to": [0, 0, 0],
              "ti": [0, 0, 0]
            },
            {
              "i": { "x": 0.387, "y": 0.98 },
              "o": { "x": 0.479, "y": 0 },
              "t": 88,
              "s": [6.438, 5.375, 0],
              "to": [0, 0, 0],
              "ti": [0, 0, 0]
            },
            {
              "i": { "x": 0.667, "y": 1 },
              "o": { "x": 0.479, "y": 0 },
              "t": 117,
              "s": [6.438, 14.5, 0],
              "to": [0, 0, 0],
              "ti": [0, 0, 0]
            },
            {
              "i": { "x": 0.387, "y": 0.98 },
              "o": { "x": 0.479, "y": 0 },
              "t": 146,
              "s": [6.438, 5.375, 0],
              "to": [0, 0, 0],
              "ti": [0, 0, 0]
            },
            {
              "i": { "x": 0.667, "y": 1 },
              "o": { "x": 0.479, "y": 0 },
              "t": 175,
              "s": [6.438, 14.5, 0],
              "to": [0, 0, 0],
              "ti": [0, 1.521, 0]
            },
            { "t": 204, "s": [6.438, 5.375, 0] }
          ],
          "ix": 2,
          "l": 2
        },
        "a": { "a": 0, "k": [-15.563, 1.938, 0], "ix": 1, "l": 2 },
        "s": { "a": 0, "k": [75, 75, 100], "ix": 6, "l": 2 }
      },
      "ao": 0,
      "shapes": [
        {
          "ty": "gr",
          "it": [
            {
              "d": 1,
              "ty": "el",
              "s": { "a": 0, "k": [9.375, 9.375], "ix": 2 },
              "p": { "a": 0, "k": [0, 0], "ix": 3 },
              "nm": "Ellipse Path 1",
              "mn": "ADBE Vector Shape - Ellipse",
              "hd": false
            },
            {
              "ty": "fl",
              "c": {
                "a": 0,
                "k": [0.43137254902, 0.470588235294, 0.56862745098, 1],
                "ix": 4
              },
              "o": { "a": 0, "k": 100, "ix": 5 },
              "r": 1,
              "bm": 0,
              "nm": "Fill 1",
              "mn": "ADBE Vector Graphic - Fill",
              "hd": false
            },
            {
              "ty": "tr",
              "p": { "a": 0, "k": [-15.563, 1.938], "ix": 2 },
              "a": { "a": 0, "k": [0, 0], "ix": 1 },
              "s": { "a": 0, "k": [100, 100], "ix": 3 },
              "r": { "a": 0, "k": 0, "ix": 6 },
              "o": { "a": 0, "k": 100, "ix": 7 },
              "sk": { "a": 0, "k": 0, "ix": 4 },
              "sa": { "a": 0, "k": 0, "ix": 5 },
              "nm": "Transform"
            }
          ],
          "nm": "Ellipse 1",
          "np": 3,
          "cix": 2,
          "bm": 0,
          "ix": 1,
          "mn": "ADBE Vector Group",
          "hd": false
        }
      ],
      "ip": 30,
      "op": 159,
      "st": 30,
      "bm": 0
    },
    {
      "ddd": 0,
      "ind": 2,
      "ty": 4,
      "nm": "Shape Layer 4",
      "sr": 1,
      "ks": {
        "o": { "a": 0, "k": 100, "ix": 11 },
        "r": { "a": 0, "k": 0, "ix": 10 },
        "p": {
          "a": 1,
          "k": [
            {
              "i": { "x": 0.387, "y": 0.98 },
              "o": { "x": 0.479, "y": 0 },
              "t": 15,
              "s": [24.156, 5.375, 0],
              "to": [0, 1.521, 0],
              "ti": [0, 0, 0]
            },
            {
              "i": { "x": 0.667, "y": 1 },
              "o": { "x": 0.479, "y": 0 },
              "t": 44,
              "s": [24.156, 14.5, 0],
              "to": [0, 0, 0],
              "ti": [0, 0, 0]
            },
            {
              "i": { "x": 0.387, "y": 0.98 },
              "o": { "x": 0.479, "y": 0 },
              "t": 73,
              "s": [24.156, 5.375, 0],
              "to": [0, 0, 0],
              "ti": [0, 0, 0]
            },
            {
              "i": { "x": 0.667, "y": 1 },
              "o": { "x": 0.479, "y": 0 },
              "t": 102,
              "s": [24.156, 14.5, 0],
              "to": [0, 0, 0],
              "ti": [0, 0, 0]
            },
            {
              "i": { "x": 0.387, "y": 0.98 },
              "o": { "x": 0.479, "y": 0 },
              "t": 131,
              "s": [24.156, 5.375, 0],
              "to": [0, 0, 0],
              "ti": [0, 0, 0]
            },
            {
              "i": { "x": 0.667, "y": 1 },
              "o": { "x": 0.479, "y": 0 },
              "t": 160,
              "s": [24.156, 14.5, 0],
              "to": [0, 0, 0],
              "ti": [0, 1.521, 0]
            },
            { "t": 189, "s": [24.156, 5.375, 0] }
          ],
          "ix": 2,
          "l": 2
        },
        "a": { "a": 0, "k": [-15.563, 1.938, 0], "ix": 1, "l": 2 },
        "s": { "a": 0, "k": [75, 75, 100], "ix": 6, "l": 2 }
      },
      "ao": 0,
      "shapes": [
        {
          "ty": "gr",
          "it": [
            {
              "d": 1,
              "ty": "el",
              "s": { "a": 0, "k": [9.375, 9.375], "ix": 2 },
              "p": { "a": 0, "k": [0, 0], "ix": 3 },
              "nm": "Ellipse Path 1",
              "mn": "ADBE Vector Shape - Ellipse",
              "hd": false
            },
            {
              "ty": "fl",
              "c": {
                "a": 0,
                "k": [0.43137254902, 0.470588235294, 0.56862745098, 1],
                "ix": 4
              },
              "o": { "a": 0, "k": 100, "ix": 5 },
              "r": 1,
              "bm": 0,
              "nm": "Fill 1",
              "mn": "ADBE Vector Graphic - Fill",
              "hd": false
            },
            {
              "ty": "tr",
              "p": { "a": 0, "k": [-15.563, 1.938], "ix": 2 },
              "a": { "a": 0, "k": [0, 0], "ix": 1 },
              "s": { "a": 0, "k": [100, 100], "ix": 3 },
              "r": { "a": 0, "k": 0, "ix": 6 },
              "o": { "a": 0, "k": 100, "ix": 7 },
              "sk": { "a": 0, "k": 0, "ix": 4 },
              "sa": { "a": 0, "k": 0, "ix": 5 },
              "nm": "Transform"
            }
          ],
          "nm": "Ellipse 1",
          "np": 3,
          "cix": 2,
          "bm": 0,
          "ix": 1,
          "mn": "ADBE Vector Group",
          "hd": false
        }
      ],
      "ip": 15,
      "op": 176,
      "st": 15,
      "bm": 0
    },
    {
      "ddd": 0,
      "ind": 3,
      "ty": 4,
      "nm": "Shape Layer 3",
      "sr": 1,
      "ks": {
        "o": { "a": 0, "k": 100, "ix": 11 },
        "r": { "a": 0, "k": 0, "ix": 10 },
        "p": {
          "a": 1,
          "k": [
            {
              "i": { "x": 0.387, "y": 0.98 },
              "o": { "x": 0.479, "y": 0 },
              "t": 0,
              "s": [41.563, 5.375, 0],
              "to": [0, 1.521, 0],
              "ti": [0, 0, 0]
            },
            {
              "i": { "x": 0.667, "y": 1 },
              "o": { "x": 0.479, "y": 0 },
              "t": 29,
              "s": [41.563, 14.5, 0],
              "to": [0, 0, 0],
              "ti": [0, 0, 0]
            },
            {
              "i": { "x": 0.387, "y": 0.98 },
              "o": { "x": 0.479, "y": 0 },
              "t": 58,
              "s": [41.563, 5.375, 0],
              "to": [0, 0, 0],
              "ti": [0, 0, 0]
            },
            {
              "i": { "x": 0.667, "y": 1 },
              "o": { "x": 0.479, "y": 0 },
              "t": 87,
              "s": [41.563, 14.5, 0],
              "to": [0, 0, 0],
              "ti": [0, 0, 0]
            },
            {
              "i": { "x": 0.387, "y": 0.98 },
              "o": { "x": 0.479, "y": 0 },
              "t": 116,
              "s": [41.563, 5.375, 0],
              "to": [0, 0, 0],
              "ti": [0, 0, 0]
            },
            {
              "i": { "x": 0.667, "y": 1 },
              "o": { "x": 0.479, "y": 0 },
              "t": 145,
              "s": [41.563, 14.5, 0],
              "to": [0, 0, 0],
              "ti": [0, 1.521, 0]
            },
            { "t": 174, "s": [41.563, 5.375, 0] }
          ],
          "ix": 2,
          "l": 2
        },
        "a": { "a": 0, "k": [-15.563, 1.938, 0], "ix": 1, "l": 2 },
        "s": { "a": 0, "k": [75, 75, 100], "ix": 6, "l": 2 }
      },
      "ao": 0,
      "shapes": [
        {
          "ty": "gr",
          "it": [
            {
              "d": 1,
              "ty": "el",
              "s": { "a": 0, "k": [9.375, 9.375], "ix": 2 },
              "p": { "a": 0, "k": [0, 0], "ix": 3 },
              "nm": "Ellipse Path 1",
              "mn": "ADBE Vector Shape - Ellipse",
              "hd": false
            },
            {
              "ty": "fl",
              "c": {
                "a": 0,
                "k": [0.43137254902, 0.470588235294, 0.56862745098, 1],
                "ix": 4
              },
              "o": { "a": 0, "k": 100, "ix": 5 },
              "r": 1,
              "bm": 0,
              "nm": "Fill 1",
              "mn": "ADBE Vector Graphic - Fill",
              "hd": false
            },
            {
              "ty": "tr",
              "p": { "a": 0, "k": [-15.563, 1.938], "ix": 2 },
              "a": { "a": 0, "k": [0, 0], "ix": 1 },
              "s": { "a": 0, "k": [100, 100], "ix": 3 },
              "r": { "a": 0, "k": 0, "ix": 6 },
              "o": { "a": 0, "k": 100, "ix": 7 },
              "sk": { "a": 0, "k": 0, "ix": 4 },
              "sa": { "a": 0, "k": 0, "ix": 5 },
              "nm": "Transform"
            }
          ],
          "nm": "Ellipse 1",
          "np": 3,
          "cix": 2,
          "bm": 0,
          "ix": 1,
          "mn": "ADBE Vector Group",
          "hd": false
        }
      ],
      "ip": 0,
      "op": 180,
      "st": 0,
      "bm": 0
    }
  ],
  "markers": []
}
